time_sec,main_demand,ramp1_demand,ramp2_demand
0.0,3500.0,300.0,410.0
10.0,3500.0,300.0,410.0
20.0,3500.0,300.0,410.0
30.0,3500.0,300.0,410.0
40.0,3500.0,300.0,410.0
50.0,3500.0,300.0,410.0
60.0,3500.0,300.0,410.0
70.0,3500.0,300.0,410.0
80.0,3500.0,300.0,410.0
90.0,3500.0,300.0,410.0
100.0,3500.0,300.0,410.0
110.0,3500.0,300.0,410.0
120.0,3500.0,300.0,410.0
130.0,3500.0,300.0,410.0
140.0,3500.0,300.0,410.0
150.0,3500.0,300.0,410.0
160.0,3500.0,300.0,410.0
170.0,3500.0,300.0,410.0
180.0,3500.0,300.0,410.0
190.0,3500.0,300.0,410.0
200.0,3500.0,300.0,410.0
210.0,3500.0,300.0,410.0
220.0,3500.0,300.0,410.0
230.0,3500.0,300.0,410.0
240.0,3500.0,300.0,410.0
250.0,3500.0,300.0,410.0
260.0,3500.0,300.0,410.0
270.0,3500.0,300.0,410.0
280.0,3500.0,300.0,410.0
290.0,3500.0,300.0,410.0
300.0,3500.0,300.0,410.0
310.0,3500.0,300.0,410.0
320.0,3500.0,300.0,410.0
330.0,3500.0,300.0,410.0
340.0,3500.0,300.0,410.0
350.0,3500.0,300.0,410.0
360.0,3500.0,300.0,410.0
370.0,3500.0,333.33333333333337,435.00000000000006
380.0,3500.0,366.6666666666666,459.99999999999994
390.0,3500.0,400.0,485.0
400.0,3500.0,433.33333333333337,510.0
410.0,3500.0,466.6666666666666,534.9999999999999
420.0,3500.0,499.99999999999994,560.0
430.0,3500.0,533.3333333333334,585.0
440.0,3500.0,566.6666666666667,610.0
450.0,3500.0,599.9999999999999,635.0
460.0,3500.0,633.3333333333335,660.0000000000001
470.0,3500.0,666.6666666666667,685.0
480.0,3500.0,699.9999999999999,709.9999999999999
490.0,3500.0,733.3333333333335,735.0000000000001
500.0,3500.0,766.6666666666666,760.0
510.0,3500.0,799.9999999999999,784.9999999999999
520.0,3500.0,833.3333333333335,810.0000000000001
530.0,3500.0,866.6666666666666,835.0
540.0,3500.0,899.9999999999999,859.9999999999999
550.0,3500.0,933.3333333333334,885.0000000000001
560.0,3500.0,966.6666666666666,910.0
570.0,3500.0,999.9999999999999,934.9999999999999
580.0,3500.0,1033.3333333333335,960.0
590.0,3500.0,1066.6666666666665,985.0
600.0,3500.0,1100.0000000000002,1010.0000000000001
610.0,3500.0,1133.3333333333333,1035.0
620.0,3500.0,1166.6666666666665,1060.0
630.0,3500.0,1200.0000000000002,1085.0
640.0,3500.0,1233.3333333333333,1110.0
650.0,3500.0,1266.6666666666665,1135.0
660.0,3500.0,1300.0,1160.0
670.0,3500.0,1333.3333333333333,1185.0
680.0,3500.0,1366.6666666666665,1210.0
690.0,3500.0,1400.0,1235.0
700.0,3500.0,1433.3333333333333,1260.0
710.0,3500.0,1466.6666666666667,1285.0000000000002
720.0,3500.0,1500.0,1310.0
730.0,3500.0,1500.0,1310.0
740.0,3500.0,1500.0,1310.0
750.0,3500.0,1500.0,1310.0
760.0,3500.0,1500.0,1310.0
770.0,3500.0,1500.0,1310.0
780.0,3500.0,1500.0,1310.0
790.0,3500.0,1500.0,1310.0
800.0,3500.0,1500.0,1310.0
810.0,3500.0,1500.0,1310.0
820.0,3500.0,1500.0,1310.0
830.0,3500.0,1500.0,1310.0
840.0,3500.0,1500.0,1310.0
850.0,3500.0,1500.0,1310.0
860.0,3500.0,1500.0,1310.0
870.0,3500.0,1500.0,1310.0
880.0,3500.0,1500.0,1310.0
890.0,3500.0,1500.0,1310.0
900.0,3500.0,1500.0,1310.0
910.0,3500.0,1500.0,1310.0
920.0,3500.0,1500.0,1310.0
930.0,3500.0,1500.0,1310.0
940.0,3500.0,1500.0,1310.0
950.0,3500.0,1500.0,1310.0
960.0,3500.0,1500.0,1310.0
970.0,3500.0,1500.0,1310.0
980.0,3500.0,1500.0,1310.0
990.0,3500.0,1500.0,1310.0
1000.0,3500.0,1500.0,1310.0
1010.0,3500.0,1500.0,1310.0
1020.0,3500.0,1500.0,1310.0
1030.0,3500.0,1500.0,1310.0
1040.0,3500.0,1500.0,1310.0
1050.0,3500.0,1500.0,1310.0
1060.0,3500.0,1500.0,1310.0
1070.0,3500.0,1500.0,1310.0
1080.0,3500.0,1500.0,1310.0
1090.0,3500.0,1500.0,1310.0
1100.0,3500.0,1500.0,1310.0
1110.0,3500.0,1500.0,1310.0
1120.0,3500.0,1500.0,1310.0
1130.0,3500.0,1500.0,1310.0
1140.0,3500.0,1500.0,1310.0
1150.0,3500.0,1500.0,1310.0
1160.0,3500.0,1500.0,1310.0
1170.0,3500.0,1500.0,1310.0
1180.0,3500.0,1500.0,1310.0
1190.0,3500.0,1500.0,1310.0
1200.0,3500.0,1500.0,1310.0
1210.0,3500.0,1500.0,1310.0
1220.0,3500.0,1500.0,1310.0
1230.0,3500.0,1500.0,1310.0
1240.0,3500.0,1500.0,1310.0
1250.0,3500.0,1500.0,1310.0
1260.0,3500.0,1500.0,1310.0
1270.0,3500.0,1500.0,1310.0
1280.0,3500.0,1500.0,1310.0
1290.0,3500.0,1500.0,1310.0
1300.0,3500.0,1500.0,1310.0
1310.0,3500.0,1500.0,1310.0
1320.0,3500.0,1500.0,1310.0
1330.0,3500.0,1500.0,1310.0
1340.0,3500.0,1500.0,1310.0
1350.0,3500.0,1500.0,1310.0
1360.0,3500.0,1500.0,1310.0
1370.0,3500.0,1500.0,1310.0
1380.0,3500.0,1500.0,1310.0
1390.0,3500.0,1500.0,1310.0
1400.0,3500.0,1500.0,1310.0
1410.0,3500.0,1500.0,1310.0
1420.0,3500.0,1500.0,1310.0
1430.0,3500.0,1500.0,1310.0
1440.0,3500.0,1500.0,1310.0
1450.0,3500.0,1500.0,1310.0
1460.0,3500.0,1500.0,1310.0
1470.0,3500.0,1500.0,1310.0
1480.0,3500.0,1500.0,1310.0
1490.0,3500.0,1500.0,1310.0
1500.0,3500.0,1500.0,1310.0
1510.0,3500.0,1500.0,1310.0
1520.0,3500.0,1500.0,1310.0
1530.0,3500.0,1500.0,1310.0
1540.0,3500.0,1500.0,1310.0
1550.0,3500.0,1500.0,1310.0
1560.0,3500.0,1500.0,1310.0
1570.0,3500.0,1500.0,1310.0
1580.0,3500.0,1500.0,1310.0
1590.0,3500.0,1500.0,1310.0
1600.0,3500.0,1500.0,1310.0
1610.0,3500.0,1500.0,1310.0
1620.0,3500.0,1500.0,1310.0
1630.0,3500.0,1500.0,1310.0
1640.0,3500.0,1500.0,1310.0
1650.0,3500.0,1500.0,1310.0
1660.0,3500.0,1500.0,1310.0
1670.0,3500.0,1500.0,1310.0
1680.0,3500.0,1500.0,1310.0
1690.0,3500.0,1500.0,1310.0
1700.0,3500.0,1500.0,1310.0
1710.0,3500.0,1500.0,1310.0
1720.0,3500.0,1500.0,1310.0
1730.0,3500.0,1500.0,1310.0
1740.0,3500.0,1500.0,1310.0
1750.0,3500.0,1500.0,1310.0
1760.0,3500.0,1500.0,1310.0
1770.0,3500.0,1500.0,1310.0
1780.0,3500.0,1500.0,1310.0
1790.0,3500.0,1500.0,1310.0
1800.0,3500.0,1500.0,1310.0
1810.0,3500.0,1500.0,1310.0
1820.0,3500.0,1500.0,1310.0
1830.0,3500.0,1500.0,1310.0
1840.0,3500.0,1500.0,1310.0
1850.0,3500.0,1500.0,1310.0
1860.0,3500.0,1500.0,1310.0
1870.0,3500.0,1500.0,1310.0
1880.0,3500.0,1500.0,1310.0
1890.0,3500.0,1500.0,1310.0
1900.0,3500.0,1500.0,1310.0
1910.0,3500.0,1500.0,1310.0
1920.0,3500.0,1500.0,1310.0
1930.0,3500.0,1500.0,1310.0
1940.0,3500.0,1500.0,1310.0
1950.0,3500.0,1500.0,1310.0
1960.0,3500.0,1500.0,1310.0
1970.0,3500.0,1500.0,1310.0
1980.0,3500.0,1500.0,1310.0
1990.0,3500.0,1500.0,1310.0
2000.0,3500.0,1500.0,1310.0
2010.0,3500.0,1500.0,1310.0
2020.0,3500.0,1500.0,1310.0
2030.0,3500.0,1500.0,1310.0
2040.0,3500.0,1500.0,1310.0
2050.0,3500.0,1500.0,1310.0
2060.0,3500.0,1500.0,1310.0
2070.0,3500.0,1500.0,1310.0
2080.0,3500.0,1500.0,1310.0
2090.0,3500.0,1500.0,1310.0
2100.0,3500.0,1500.0,1310.0
2110.0,3500.0,1500.0,1310.0
2120.0,3500.0,1500.0,1310.0
2130.0,3500.0,1500.0,1310.0
2140.0,3500.0,1500.0,1310.0
2150.0,3500.0,1500.0,1310.0
2160.0,3500.0,1500.0,1310.0
2170.0,3500.0,1500.0,1310.0
2180.0,3500.0,1500.0,1310.0
2190.0,3500.0,1500.0,1310.0
2200.0,3500.0,1500.0,1310.0
2210.0,3500.0,1500.0,1310.0
2220.0,3500.0,1500.0,1310.0
2230.0,3500.0,1500.0,1310.0
2240.0,3500.0,1500.0,1310.0
2250.0,3500.0,1500.0,1310.0
2260.0,3500.0,1500.0,1310.0
2270.0,3500.0,1500.0,1310.0
2280.0,3500.0,1500.0,1310.0
2290.0,3500.0,1500.0,1310.0
2300.0,3500.0,1500.0,1310.0
2310.0,3500.0,1500.0,1310.0
2320.0,3500.0,1500.0,1310.0
2330.0,3500.0,1500.0,1310.0
2340.0,3500.0,1500.0,1310.0
2350.0,3500.0,1500.0,1310.0
2360.0,3500.0,1500.0,1310.0
2370.0,3500.0,1500.0,1310.0
2380.0,3500.0,1500.0,1310.0
2390.0,3500.0,1500.0,1310.0
2400.0,3500.0,1500.0,1310.0
2410.0,3500.0,1500.0,1310.0
2420.0,3500.0,1500.0,1310.0
2430.0,3500.0,1500.0,1310.0
2440.0,3500.0,1500.0,1310.0
2450.0,3500.0,1500.0,1310.0
2460.0,3500.0,1500.0,1310.0
2470.0,3500.0,1500.0,1310.0
2480.0,3500.0,1500.0,1310.0
2490.0,3500.0,1500.0,1310.0
2500.0,3500.0,1500.0,1310.0
2510.0,3500.0,1500.0,1310.0
2520.0,3500.0,1499.9999999999986,1309.999999999999
2530.0,3500.0,1466.6666666666654,1284.999999999999
2540.0,3500.0,1433.3333333333323,1259.9999999999993
2550.0,3500.0,1399.999999999999,1234.9999999999993
2560.0,3500.0,1366.6666666666658,1209.9999999999995
2570.0,3500.0,1333.3333333333328,1184.9999999999995
2580.0,3500.0,1299.9999999999995,1159.9999999999995
2590.0,3500.0,1266.6666666666663,1134.9999999999998
2600.0,3500.0,1233.3333333333333,1109.9999999999998
2610.0,3500.0,1200.0,1085.0
2620.0,3500.0,1166.6666666666654,1059.999999999999
2630.0,3500.0,1133.3333333333323,1034.999999999999
2640.0,3500.0,1099.999999999999,1009.9999999999993
2650.0,3500.0,1066.6666666666658,984.9999999999994
2660.0,3500.0,1033.3333333333328,959.9999999999995
2670.0,3500.0,999.9999999999995,934.9999999999997
2680.0,3500.0,966.6666666666664,909.9999999999998
2690.0,3500.0,933.3333333333331,884.9999999999999
2700.0,3500.0,900.0,860.0
2710.0,3500.0,866.6666666666669,835.0000000000001
2720.0,3500.0,833.3333333333336,810.0000000000002
2730.0,3500.0,799.9999999999991,784.9999999999993
2740.0,3500.0,766.666666666666,759.9999999999994
2750.0,3500.0,733.3333333333328,734.9999999999995
2760.0,3500.0,699.9999999999995,709.9999999999997
2770.0,3500.0,666.6666666666664,684.9999999999998
2780.0,3500.0,633.3333333333333,659.9999999999999
2790.0,3500.0,600.0,635.0
2800.0,3500.0,566.6666666666669,610.0
2810.0,3500.0,533.3333333333336,585.0000000000001
2820.0,3500.0,500.00000000000045,560.0000000000002
2830.0,3500.0,466.66666666666725,535.0000000000003
2840.0,3500.0,433.33333333333275,509.9999999999995
2850.0,3500.0,399.9999999999996,484.9999999999996
2860.0,3500.0,366.6666666666664,459.9999999999997
2870.0,3500.0,333.3333333333332,434.99999999999983
2880.0,3500.0,300.0,410.0
2890.0,3500.0,300.0,410.0
2900.0,3500.0,300.0,410.0
2910.0,3500.0,300.0,410.0
2920.0,3500.0,300.0,410.0
2930.0,3500.0,300.0,410.0
2940.0,3500.0,300.0,410.0
2950.0,3500.0,300.0,410.0
2960.0,3500.0,300.0,410.0
2970.0,3500.0,300.0,410.0
2980.0,3500.0,300.0,410.0
2990.0,3500.0,300.0,410.0
3000.0,3500.0,300.0,410.0
3010.0,3500.0,300.0,410.0
3020.0,3500.0,300.0,410.0
3030.0,3500.0,300.0,410.0
3040.0,3500.0,300.0,410.0
3050.0,3500.0,300.0,410.0
3060.0,3500.0,300.0,410.0
3070.0,3500.0,300.0,410.0
3080.0,3500.0,300.0,410.0
3090.0,3500.0,300.0,410.0
3100.0,3500.0,300.0,410.0
3110.0,3500.0,300.0,410.0
3120.0,3500.0,300.0,410.0
3130.0,3500.0,300.0,410.0
3140.0,3500.0,300.0,410.0
3150.0,3500.0,300.0,410.0
3160.0,3500.0,300.0,410.0
3170.0,3500.0,300.0,410.0
3180.0,3500.0,300.0,410.0
3190.0,3500.0,300.0,410.0
3200.0,3500.0,300.0,410.0
3210.0,3500.0,300.0,410.0
3220.0,3500.0,300.0,410.0
3230.0,3500.0,300.0,410.0
3240.0,3500.0,300.0,410.0
3250.0,3500.0,300.0,410.0
3260.0,3500.0,300.0,410.0
3270.0,3500.0,300.0,410.0
3280.0,3500.0,300.0,410.0
3290.0,3500.0,300.0,410.0
3300.0,3500.0,300.0,410.0
3310.0,3500.0,300.0,410.0
3320.0,3500.0,300.0,410.0
3330.0,3500.0,300.0,410.0
3340.0,3500.0,300.0,410.0
3350.0,3500.0,300.0,410.0
3360.0,3500.0,300.0,410.0
3370.0,3500.0,300.0,410.0
3380.0,3500.0,300.0,410.0
3390.0,3500.0,300.0,410.0
3400.0,3500.0,300.0,410.0
3410.0,3500.0,300.0,410.0
3420.0,3500.0,300.0,410.0
3430.0,3500.0,300.0,410.0
3440.0,3500.0,300.0,410.0
3450.0,3500.0,300.0,410.0
3460.0,3500.0,300.0,410.0
3470.0,3500.0,300.0,410.0
3480.0,3500.0,300.0,410.0
3490.0,3500.0,300.0,410.0
3500.0,3500.0,300.0,410.0
3510.0,3500.0,300.0,410.0
3520.0,3500.0,300.0,410.0
3530.0,3500.0,300.0,410.0
3540.0,3500.0,300.0,410.0
3550.0,3500.0,300.0,410.0
3560.0,3500.0,300.0,410.0
3570.0,3500.0,300.0,410.0
3580.0,3500.0,300.0,410.0
3590.0,3500.0,300.0,410.0
3600.0,3500.0,300.0,410.0
3610.0,3500.0,300.0,410.0
3620.0,3500.0,300.0,410.0
3630.0,3500.0,300.0,410.0
3640.0,3500.0,300.0,410.0
3650.0,3500.0,300.0,410.0
3660.0,3500.0,300.0,410.0
3670.0,3500.0,300.0,410.0
3680.0,3500.0,300.0,410.0
3690.0,3500.0,300.0,410.0
3700.0,3500.0,300.0,410.0
3710.0,3500.0,300.0,410.0
3720.0,3500.0,300.0,410.0
3730.0,3500.0,300.0,410.0
3740.0,3500.0,300.0,410.0
3750.0,3500.0,300.0,410.0
3760.0,3500.0,300.0,410.0
3770.0,3500.0,300.0,410.0
3780.0,3500.0,300.0,410.0
3790.0,3500.0,300.0,410.0
3800.0,3500.0,300.0,410.0
3810.0,3500.0,300.0,410.0
3820.0,3500.0,300.0,410.0
3830.0,3500.0,300.0,410.0
3840.0,3500.0,300.0,410.0
3850.0,3500.0,300.0,410.0
3860.0,3500.0,300.0,410.0
3870.0,3500.0,300.0,410.0
3880.0,3500.0,300.0,410.0
3890.0,3500.0,300.0,410.0
3900.0,3500.0,300.0,410.0
3910.0,3500.0,300.0,410.0
3920.0,3500.0,300.0,410.0
3930.0,3500.0,300.0,410.0
3940.0,3500.0,300.0,410.0
3950.0,3500.0,300.0,410.0
3960.0,3500.0,300.0,410.0
3970.0,3500.0,300.0,410.0
3980.0,3500.0,300.0,410.0
3990.0,3500.0,300.0,410.0
4000.0,3500.0,300.0,410.0
4010.0,3500.0,300.0,410.0
4020.0,3500.0,300.0,410.0
4030.0,3500.0,300.0,410.0
4040.0,3500.0,300.0,410.0
4050.0,3500.0,300.0,410.0
4060.0,3500.0,300.0,410.0
4070.0,3500.0,300.0,410.0
4080.0,3500.0,300.0,410.0
4090.0,3500.0,300.0,410.0
4100.0,3500.0,300.0,410.0
4110.0,3500.0,300.0,410.0
4120.0,3500.0,300.0,410.0
4130.0,3500.0,300.0,410.0
4140.0,3500.0,300.0,410.0
4150.0,3500.0,300.0,410.0
4160.0,3500.0,300.0,410.0
4170.0,3500.0,300.0,410.0
4180.0,3500.0,300.0,410.0
4190.0,3500.0,300.0,410.0
4200.0,3500.0,300.0,410.0
4210.0,3500.0,300.0,410.0
4220.0,3500.0,300.0,410.0
4230.0,3500.0,300.0,410.0
4240.0,3500.0,300.0,410.0
4250.0,3500.0,300.0,410.0
4260.0,3500.0,300.0,410.0
4270.0,3500.0,300.0,410.0
4280.0,3500.0,300.0,410.0
4290.0,3500.0,300.0,410.0
4300.0,3500.0,300.0,410.0
4310.0,3500.0,300.0,410.0
4320.0,3500.0,300.0,410.0
4330.0,3500.0,300.0,410.0
4340.0,3500.0,300.0,410.0
4350.0,3500.0,300.0,410.0
4360.0,3500.0,300.0,410.0
4370.0,3500.0,300.0,410.0
4380.0,3500.0,300.0,410.0
4390.0,3500.0,300.0,410.0
4400.0,3500.0,300.0,410.0
4410.0,3500.0,300.0,410.0
4420.0,3500.0,300.0,410.0
4430.0,3500.0,300.0,410.0
4440.0,3500.0,300.0,410.0
4450.0,3500.0,300.0,410.0
4460.0,3500.0,300.0,410.0
4470.0,3500.0,300.0,410.0
4480.0,3500.0,300.0,410.0
4490.0,3500.0,300.0,410.0
4500.0,3500.0,300.0,410.0
4510.0,3500.0,300.0,410.0
4520.0,3500.0,300.0,410.0
4530.0,3500.0,300.0,410.0
4540.0,3500.0,300.0,410.0
4550.0,3500.0,300.0,410.0
4560.0,3500.0,300.0,410.0
4570.0,3500.0,300.0,410.0
4580.0,3500.0,300.0,410.0
4590.0,3500.0,300.0,410.0
4600.0,3500.0,300.0,410.0
4610.0,3500.0,300.0,410.0
4620.0,3500.0,300.0,410.0
4630.0,3500.0,300.0,410.0
4640.0,3500.0,300.0,410.0
4650.0,3500.0,300.0,410.0
4660.0,3500.0,300.0,410.0
4670.0,3500.0,300.0,410.0
4680.0,3500.0,300.0,410.0
4690.0,3500.0,300.0,410.0
4700.0,3500.0,300.0,410.0
4710.0,3500.0,300.0,410.0
4720.0,3500.0,300.0,410.0
4730.0,3500.0,300.0,410.0
4740.0,3500.0,300.0,410.0
4750.0,3500.0,300.0,410.0
4760.0,3500.0,300.0,410.0
4770.0,3500.0,300.0,410.0
4780.0,3500.0,300.0,410.0
4790.0,3500.0,300.0,410.0
4800.0,3500.0,300.0,410.0
4810.0,3500.0,300.0,410.0
4820.0,3500.0,300.0,410.0
4830.0,3500.0,300.0,410.0
4840.0,3500.0,300.0,410.0
4850.0,3500.0,300.0,410.0
4860.0,3500.0,300.0,410.0
4870.0,3500.0,300.0,410.0
4880.0,3500.0,300.0,410.0
4890.0,3500.0,300.0,410.0
4900.0,3500.0,300.0,410.0
4910.0,3500.0,300.0,410.0
4920.0,3500.0,300.0,410.0
4930.0,3500.0,300.0,410.0
4940.0,3500.0,300.0,410.0
4950.0,3500.0,300.0,410.0
4960.0,3500.0,300.0,410.0
4970.0,3500.0,300.0,410.0
4980.0,3500.0,300.0,410.0
4990.0,3500.0,300.0,410.0
5000.0,3500.0,300.0,410.0
5010.0,3500.0,300.0,410.0
5020.0,3500.0,300.0,410.0
5030.0,3500.0,300.0,410.0
5040.0,3500.0,300.0,410.0
5050.0,3500.0,300.0,410.0
5060.0,3500.0,300.0,410.0
5070.0,3500.0,300.0,410.0
5080.0,3500.0,300.0,410.0
5090.0,3500.0,300.0,410.0
5100.0,3500.0,300.0,410.0
5110.0,3500.0,300.0,410.0
5120.0,3500.0,300.0,410.0
5130.0,3500.0,300.0,410.0
5140.0,3500.0,300.0,410.0
5150.0,3500.0,300.0,410.0
5160.0,3500.0,300.0,410.0
5170.0,3500.0,300.0,410.0
5180.0,3500.0,300.0,410.0
5190.0,3500.0,300.0,410.0
5200.0,3500.0,300.0,410.0
5210.0,3500.0,300.0,410.0
5220.0,3500.0,300.0,410.0
5230.0,3500.0,300.0,410.0
5240.0,3500.0,300.0,410.0
5250.0,3500.0,300.0,410.0
5260.0,3500.0,300.0,410.0
5270.0,3500.0,300.0,410.0
5280.0,3500.0,300.0,410.0
5290.0,3500.0,300.0,410.0
5300.0,3500.0,300.0,410.0
5310.0,3500.0,300.0,410.0
5320.0,3500.0,300.0,410.0
5330.0,3500.0,300.0,410.0
5340.0,3500.0,300.0,410.0
5350.0,3500.0,300.0,410.0
5360.0,3500.0,300.0,410.0
5370.0,3500.0,300.0,410.0
5380.0,3500.0,300.0,410.0
5390.0,3500.0,300.0,410.0
5400.0,3500.0,300.0,410.0
5410.0,3500.0,300.0,410.0
5420.0,3500.0,300.0,410.0
5430.0,3500.0,300.0,410.0
5440.0,3500.0,300.0,410.0
5450.0,3500.0,300.0,410.0
5460.0,3500.0,300.0,410.0
5470.0,3500.0,300.0,410.0
5480.0,3500.0,300.0,410.0
5490.0,3500.0,300.0,410.0
5500.0,3500.0,300.0,410.0
5510.0,3500.0,300.0,410.0
5520.0,3500.0,300.0,410.0
5530.0,3500.0,300.0,410.0
5540.0,3500.0,300.0,410.0
5550.0,3500.0,300.0,410.0
5560.0,3500.0,300.0,410.0
5570.0,3500.0,300.0,410.0
5580.0,3500.0,300.0,410.0
5590.0,3500.0,300.0,410.0
5600.0,3500.0,300.0,410.0
5610.0,3500.0,300.0,410.0
5620.0,3500.0,300.0,410.0
5630.0,3500.0,300.0,410.0
5640.0,3500.0,300.0,410.0
5650.0,3500.0,300.0,410.0
5660.0,3500.0,300.0,410.0
5670.0,3500.0,300.0,410.0
5680.0,3500.0,300.0,410.0
5690.0,3500.0,300.0,410.0
5700.0,3500.0,300.0,410.0
5710.0,3500.0,300.0,410.0
5720.0,3500.0,300.0,410.0
5730.0,3500.0,300.0,410.0
5740.0,3500.0,300.0,410.0
5750.0,3500.0,300.0,410.0
5760.0,3500.0,300.0,410.0
5770.0,3500.0,300.0,410.0
5780.0,3500.0,300.0,410.0
5790.0,3500.0,300.0,410.0
5800.0,3500.0,300.0,410.0
5810.0,3500.0,300.0,410.0
5820.0,3500.0,300.0,410.0
5830.0,3500.0,300.0,410.0
5840.0,3500.0,300.0,410.0
5850.0,3500.0,300.0,410.0
5860.0,3500.0,300.0,410.0
5870.0,3500.0,300.0,410.0
5880.0,3500.0,300.0,410.0
5890.0,3500.0,300.0,410.0
5900.0,3500.0,300.0,410.0
5910.0,3500.0,300.0,410.0
5920.0,3500.0,300.0,410.0
5930.0,3500.0,300.0,410.0
5940.0,3500.0,300.0,410.0
5950.0,3500.0,300.0,410.0
5960.0,3500.0,300.0,410.0
5970.0,3500.0,300.0,410.0
5980.0,3500.0,300.0,410.0
5990.0,3500.0,300.0,410.0
6000.0,3500.0,300.0,410.0
6010.0,3500.0,300.0,410.0
6020.0,3500.0,300.0,410.0
6030.0,3500.0,300.0,410.0
6040.0,3500.0,300.0,410.0
6050.0,3500.0,300.0,410.0
6060.0,3500.0,300.0,410.0
6070.0,3500.0,300.0,410.0
6080.0,3500.0,300.0,410.0
6090.0,3500.0,300.0,410.0
6100.0,3500.0,300.0,410.0
6110.0,3500.0,300.0,410.0
6120.0,3500.0,300.0,410.0
6130.0,3500.0,300.0,410.0
6140.0,3500.0,300.0,410.0
6150.0,3500.0,300.0,410.0
6160.0,3500.0,300.0,410.0
6170.0,3500.0,300.0,410.0
6180.0,3500.0,300.0,410.0
6190.0,3500.0,300.0,410.0
6200.0,3500.0,300.0,410.0
6210.0,3500.0,300.0,410.0
6220.0,3500.0,300.0,410.0
6230.0,3500.0,300.0,410.0
6240.0,3500.0,300.0,410.0
6250.0,3500.0,300.0,410.0
6260.0,3500.0,300.0,410.0
6270.0,3500.0,300.0,410.0
6280.0,3500.0,300.0,410.0
6290.0,3500.0,300.0,410.0
6300.0,3500.0,300.0,410.0
6310.0,3500.0,300.0,410.0
6320.0,3500.0,300.0,410.0
6330.0,3500.0,300.0,410.0
6340.0,3500.0,300.0,410.0
6350.0,3500.0,300.0,410.0
6360.0,3500.0,300.0,410.0
6370.0,3500.0,300.0,410.0
6380.0,3500.0,300.0,410.0
6390.0,3500.0,300.0,410.0
6400.0,3500.0,300.0,410.0
6410.0,3500.0,300.0,410.0
6420.0,3500.0,300.0,410.0
6430.0,3500.0,300.0,410.0
6440.0,3500.0,300.0,410.0
6450.0,3500.0,300.0,410.0
6460.0,3500.0,300.0,410.0
6470.0,3500.0,300.0,410.0
6480.0,3500.0,300.0,410.0
6490.0,3484.567901234568,300.0,410.0
6500.0,3469.135802469136,300.0,410.0
6510.0,3453.703703703704,300.0,410.0
6520.0,3438.271604938272,300.0,410.0
6530.0,3422.8395061728397,300.0,410.0
6540.0,3407.407407407408,300.0,410.0
6550.0,3391.9753086419755,300.0,410.0
6560.0,3376.5432098765436,300.0,410.0
6570.0,3361.1111111111104,300.0,410.0
6580.0,3345.6790123456785,300.0,410.0
6590.0,3330.246913580246,300.0,410.0
6600.0,3314.8148148148143,300.0,410.0
6610.0,3299.382716049382,300.0,410.0
6620.0,3283.95061728395,300.0,410.0
6630.0,3268.5185185185182,300.0,410.0
6640.0,3253.086419753086,300.0,410.0
6650.0,3237.654320987654,300.0,410.0
6660.0,3222.222222222222,300.0,410.0
6670.0,3206.79012345679,300.0,410.0
6680.0,3191.358024691358,300.0,410.0
6690.0,3175.9259259259256,300.0,410.0
6700.0,3160.4938271604938,300.0,410.0
6710.0,3145.061728395062,300.0,410.0
6720.0,3129.6296296296296,300.0,410.0
6730.0,3114.1975308641977,300.0,410.0
6740.0,3098.765432098766,300.0,410.0
6750.0,3083.3333333333335,300.0,410.0
6760.0,3067.9012345679016,300.0,410.0
6770.0,3052.4691358024693,300.0,410.0
6780.0,3037.0370370370374,300.0,410.0
6790.0,3021.604938271604,300.0,410.0
6800.0,3006.1728395061723,300.0,410.0
6810.0,2990.74074074074,300.0,410.0
6820.0,2975.308641975308,300.0,410.0
6830.0,2959.8765432098758,300.0,410.0
6840.0,2944.444444444444,300.0,410.0
6850.0,2929.012345679012,300.0,410.0
6860.0,2913.5802469135797,300.0,410.0
6870.0,2898.148148148148,300.0,410.0
6880.0,2882.716049382716,300.0,410.0
6890.0,2867.2839506172836,300.0,410.0
6900.0,2851.8518518518517,300.0,410.0
6910.0,2836.4197530864194,300.0,410.0
6920.0,2820.9876543209875,300.0,410.0
6930.0,2805.5555555555557,300.0,410.0
6940.0,2790.1234567901233,300.0,410.0
6950.0,2774.6913580246915,300.0,410.0
6960.0,2759.2592592592596,300.0,410.0
6970.0,2743.8271604938273,300.0,410.0
6980.0,2728.3950617283954,300.0,410.0
6990.0,2712.9629629629635,300.0,410.0
7000.0,2697.530864197531,300.0,410.0
7010.0,2682.0987654320993,300.0,410.0
7020.0,2666.666666666666,300.0,410.0
7030.0,2651.2345679012337,300.0,410.0
7040.0,2635.802469135802,300.0,410.0
7050.0,2620.37037037037,300.0,410.0
7060.0,2604.9382716049377,300.0,410.0
7070.0,2589.506172839506,300.0,410.0
7080.0,2574.0740740740735,300.0,410.0
7090.0,2558.6419753086416,300.0,410.0
7100.0,2543.2098765432097,300.0,410.0
7110.0,2527.7777777777774,300.0,410.0
7120.0,2512.3456790123455,300.0,410.0
7130.0,2496.9135802469136,300.0,410.0
7140.0,2481.4814814814813,300.0,410.0
7150.0,2466.0493827160494,300.0,410.0
7160.0,2450.617283950617,300.0,410.0
7170.0,2435.185185185185,300.0,410.0
7180.0,2419.7530864197533,300.0,410.0
7190.0,2404.320987654321,300.0,410.0
7200.0,2388.888888888889,300.0,410.0
7210.0,2373.4567901234573,300.0,410.0
7220.0,2358.024691358025,300.0,410.0
7230.0,2342.592592592593,300.0,410.0
7240.0,2327.1604938271607,300.0,410.0
7250.0,2311.728395061729,300.0,410.0
7260.0,2296.296296296297,300.0,410.0
7270.0,2280.8641975308647,300.0,410.0
7280.0,2265.432098765433,300.0,410.0
7290.0,2250.000000000001,300.0,410.0
7300.0,2234.5679012345686,300.0,410.0
7310.0,2219.1358024691367,300.0,410.0
7320.0,2203.7037037037044,300.0,410.0
7330.0,2188.2716049382725,300.0,410.0
7340.0,2172.8395061728406,300.0,410.0
7350.0,2157.407407407406,300.0,410.0
7360.0,2141.975308641974,300.0,410.0
7370.0,2126.543209876542,300.0,410.0
7380.0,2111.11111111111,300.0,410.0
7390.0,2095.6790123456776,300.0,410.0
7400.0,2080.2469135802457,300.0,410.0
7410.0,2064.814814814814,300.0,410.0
7420.0,2049.3827160493815,300.0,410.0
7430.0,2033.9506172839497,300.0,410.0
7440.0,2018.5185185185176,300.0,410.0
7450.0,2003.0864197530855,300.0,410.0
7460.0,1987.6543209876536,300.0,410.0
7470.0,1972.2222222222215,300.0,410.0
7480.0,1956.7901234567894,300.0,410.0
7490.0,1941.3580246913573,300.0,410.0
7500.0,1925.9259259259254,300.0,410.0
7510.0,1910.4938271604933,300.0,410.0
7520.0,1895.0617283950612,300.0,410.0
7530.0,1879.629629629629,300.0,410.0
7540.0,1864.1975308641972,300.0,410.0
7550.0,1848.7654320987651,300.0,410.0
7560.0,1833.333333333333,300.0,410.0
7570.0,1817.901234567901,300.0,410.0
7580.0,1802.469135802469,300.0,410.0
7590.0,1787.037037037037,300.0,410.0
7600.0,1771.6049382716049,300.0,410.0
7610.0,1756.1728395061727,300.0,410.0
7620.0,1740.7407407407409,300.0,410.0
7630.0,1725.3086419753088,300.0,410.0
7640.0,1709.8765432098767,300.0,410.0
7650.0,1694.4444444444446,300.0,410.0
7660.0,1679.0123456790127,300.0,410.0
7670.0,1663.5802469135806,300.0,410.0
7680.0,1648.1481481481485,300.0,410.0
7690.0,1632.7160493827164,300.0,410.0
7700.0,1617.2839506172845,300.0,410.0
7710.0,1601.8518518518524,300.0,410.0
7720.0,1586.4197530864203,300.0,410.0
7730.0,1570.9876543209882,300.0,410.0
7740.0,1555.5555555555563,300.0,410.0
7750.0,1540.1234567901242,300.0,410.0
7760.0,1524.6913580246921,300.0,410.0
7770.0,1509.25925925926,300.0,410.0
7780.0,1493.8271604938282,300.0,410.0
7790.0,1478.395061728396,300.0,410.0
7800.0,1462.9629629629615,300.0,410.0
7810.0,1447.5308641975296,300.0,410.0
7820.0,1432.0987654320975,300.0,410.0
7830.0,1416.6666666666654,300.0,410.0
7840.0,1401.2345679012333,300.0,410.0
7850.0,1385.8024691358014,300.0,410.0
7860.0,1370.3703703703693,300.0,410.0
7870.0,1354.9382716049372,300.0,410.0
7880.0,1339.506172839505,300.0,410.0
7890.0,1324.0740740740732,300.0,410.0
7900.0,1308.6419753086411,300.0,410.0
7910.0,1293.209876543209,300.0,410.0
7920.0,1277.777777777777,300.0,410.0
7930.0,1262.345679012345,300.0,410.0
7940.0,1246.913580246913,300.0,410.0
7950.0,1231.4814814814808,300.0,410.0
7960.0,1216.0493827160487,300.0,410.0
7970.0,1200.6172839506169,300.0,410.0
7980.0,1185.1851851851848,300.0,410.0
7990.0,1169.7530864197527,300.0,410.0
8000.0,1154.3209876543206,300.0,410.0
8010.0,1138.8888888888887,300.0,410.0
8020.0,1123.4567901234566,300.0,410.0
8030.0,1108.0246913580245,300.0,410.0
8040.0,1092.5925925925924,300.0,410.0
8050.0,1077.1604938271605,300.0,410.0
8060.0,1061.7283950617284,300.0,410.0
8070.0,1046.2962962962963,300.0,410.0
8080.0,1030.8641975308642,300.0,410.0
8090.0,1015.4320987654322,300.0,410.0
8100.0,1000.0,300.0,410.0
8110.0,1000.0,300.0,410.0
8120.0,1000.0,300.0,410.0
8130.0,1000.0,300.0,410.0
8140.0,1000.0,300.0,410.0
8150.0,1000.0,300.0,410.0
8160.0,1000.0,300.0,410.0
8170.0,1000.0,300.0,410.0
8180.0,1000.0,300.0,410.0
8190.0,1000.0,300.0,410.0
8200.0,1000.0,300.0,410.0
8210.0,1000.0,300.0,410.0
8220.0,1000.0,300.0,410.0
8230.0,1000.0,300.0,410.0
8240.0,1000.0,300.0,410.0
8250.0,1000.0,300.0,410.0
8260.0,1000.0,300.0,410.0
8270.0,1000.0,300.0,410.0
8280.0,1000.0,300.0,410.0
8290.0,1000.0,300.0,410.0
8300.0,1000.0,300.0,410.0
8310.0,1000.0,300.0,410.0
8320.0,1000.0,300.0,410.0
8330.0,1000.0,300.0,410.0
8340.0,1000.0,300.0,410.0
8350.0,1000.0,300.0,410.0
8360.0,1000.0,300.0,410.0
8370.0,1000.0,300.0,410.0
8380.0,1000.0,300.0,410.0
8390.0,1000.0,300.0,410.0
8400.0,1000.0,300.0,410.0
8410.0,1000.0,300.0,410.0
8420.0,1000.0,300.0,410.0
8430.0,1000.0,300.0,410.0
8440.0,1000.0,300.0,410.0
8450.0,1000.0,300.0,410.0
8460.0,1000.0,300.0,410.0
8470.0,1000.0,300.0,410.0
8480.0,1000.0,300.0,410.0
8490.0,1000.0,300.0,410.0
8500.0,1000.0,300.0,410.0
8510.0,1000.0,300.0,410.0
8520.0,1000.0,300.0,410.0
8530.0,1000.0,300.0,410.0
8540.0,1000.0,300.0,410.0
8550.0,1000.0,300.0,410.0
8560.0,1000.0,300.0,410.0
8570.0,1000.0,300.0,410.0
8580.0,1000.0,300.0,410.0
8590.0,1000.0,300.0,410.0
8600.0,1000.0,300.0,410.0
8610.0,1000.0,300.0,410.0
8620.0,1000.0,300.0,410.0
8630.0,1000.0,300.0,410.0
8640.0,1000.0,300.0,410.0
8650.0,1000.0,300.0,410.0
8660.0,1000.0,300.0,410.0
8670.0,1000.0,300.0,410.0
8680.0,1000.0,300.0,410.0
8690.0,1000.0,300.0,410.0
8700.0,1000.0,300.0,410.0
8710.0,1000.0,300.0,410.0
8720.0,1000.0,300.0,410.0
8730.0,1000.0,300.0,410.0
8740.0,1000.0,300.0,410.0
8750.0,1000.0,300.0,410.0
8760.0,1000.0,300.0,410.0
8770.0,1000.0,300.0,410.0
8780.0,1000.0,300.0,410.0
8790.0,1000.0,300.0,410.0
8800.0,1000.0,300.0,410.0
8810.0,1000.0,300.0,410.0
8820.0,1000.0,300.0,410.0
8830.0,1000.0,300.0,410.0
8840.0,1000.0,300.0,410.0
8850.0,1000.0,300.0,410.0
8860.0,1000.0,300.0,410.0
8870.0,1000.0,300.0,410.0
8880.0,1000.0,300.0,410.0
8890.0,1000.0,300.0,410.0
8900.0,1000.0,300.0,410.0
8910.0,1000.0,300.0,410.0
8920.0,1000.0,300.0,410.0
8930.0,1000.0,300.0,410.0
8940.0,1000.0,300.0,410.0
8950.0,1000.0,300.0,410.0
8960.0,1000.0,300.0,410.0
8970.0,1000.0,300.0,410.0
8980.0,1000.0,300.0,410.0
8990.0,1000.0,300.0,410.0
